GROUP,PACKAGE,CLASS,INSTRUCTION_MISSED,INSTRUCTION_COVERED,BRANCH_MISSED,BRANCH_COVERED,LINE_MISSED,LINE_COVERED,COMPLEXITY_MISSED,COMPLEXITY_COVERED,METHOD_MISSED,METHOD_COVERED
Apache Commons Lang,org.apache.commons.lang3,LocaleUtils,467,0,88,0,94,0,58,0,14,0
Apache Commons Lang,org.apache.commons.lang3,EnumUtils,398,0,36,0,70,0,33,0,15,0
Apache Commons Lang,org.apache.commons.lang3,SerializationUtils.ClassLoaderAwareObjectInputStream,85,0,2,0,23,0,4,0,3,0
Apache Commons Lang,org.apache.commons.lang3,StringEscapeUtils.CsvEscaper,69,0,4,0,11,0,5,0,3,0
Apache Commons Lang,org.apache.commons.lang3,ClassUtils.2.new Iterator() {...},98,0,10,0,18,0,10,0,5,0
Apache Commons Lang,org.apache.commons.lang3,Conversion,2844,0,460,0,461,0,304,0,44,0
Apache Commons Lang,org.apache.commons.lang3,AnnotationUtils.new ToStringStyle() {...},83,0,8,0,25,0,7,0,3,0
Apache Commons Lang,org.apache.commons.lang3,ArchUtils,230,0,4,0,38,0,15,0,13,0
Apache Commons Lang,org.apache.commons.lang3,ThreadUtils.NamePredicate,39,0,10,0,6,0,8,0,3,0
Apache Commons Lang,org.apache.commons.lang3,CharUtils,345,0,54,0,51,0,52,0,25,0
Apache Commons Lang,org.apache.commons.lang3,AnnotationUtils,500,0,92,0,112,0,57,0,11,0
Apache Commons Lang,org.apache.commons.lang3,CharRange.CharacterIterator,130,0,18,0,30,0,14,0,5,0
Apache Commons Lang,org.apache.commons.lang3,NotImplementedException,42,0,0,0,16,0,7,0,7,0
Apache Commons Lang,org.apache.commons.lang3,ArrayUtils.new Comparator() {...},7,0,0,0,2,0,2,0,2,0
Apache Commons Lang,org.apache.commons.lang3,BooleanUtils,800,0,254,0,190,0,170,0,41,0
Apache Commons Lang,org.apache.commons.lang3,ObjectUtils,719,0,88,0,164,0,81,0,37,0
Apache Commons Lang,org.apache.commons.lang3,ThreadUtils.AlwaysTruePredicate,4,0,0,0,2,0,2,0,2,0
Apache Commons Lang,org.apache.commons.lang3,ThreadUtils.ThreadIdPredicate,27,0,6,0,6,0,5,0,2,0
Apache Commons Lang,org.apache.commons.lang3,RegExUtils,98,0,30,0,21,0,26,0,11,0
Apache Commons Lang,org.apache.commons.lang3,StringUtils,6961,0,1517,0,1696,0,993,0,234,0
Apache Commons Lang,org.apache.commons.lang3,SerializationUtils,165,0,8,0,33,0,11,0,7,0
Apache Commons Lang,org.apache.commons.lang3,CharSet,305,0,34,0,59,0,26,0,9,0
Apache Commons Lang,org.apache.commons.lang3,RandomStringUtils,324,0,58,0,65,0,50,0,21,0
Apache Commons Lang,org.apache.commons.lang3,Range,424,0,76,0,82,0,62,0,24,0
Apache Commons Lang,org.apache.commons.lang3,RandomUtils,185,0,26,0,32,0,25,0,12,0
Apache Commons Lang,org.apache.commons.lang3,BitField,139,0,12,0,21,0,24,0,18,0
Apache Commons Lang,org.apache.commons.lang3,CharRange,243,0,50,0,43,0,39,0,14,0
Apache Commons Lang,org.apache.commons.lang3,LocaleUtils.SyncAvoid,19,0,0,0,5,0,2,0,2,0
Apache Commons Lang,org.apache.commons.lang3,ClassUtils,1426,0,258,0,350,0,183,0,54,0
Apache Commons Lang,org.apache.commons.lang3,JavaVersion,317,0,40,0,69,0,28,0,8,0
Apache Commons Lang,org.apache.commons.lang3,Validate,817,0,124,0,150,0,113,0,51,0
Apache Commons Lang,org.apache.commons.lang3,ArrayUtils,8352,0,1554,0,2058,0,1098,0,321,0
Apache Commons Lang,org.apache.commons.lang3,ClassUtils.Interfaces,15,0,0,0,2,0,1,0,1,0
Apache Commons Lang,org.apache.commons.lang3,CharEncoding,13,0,2,0,6,0,3,0,2,0
Apache Commons Lang,org.apache.commons.lang3,Range.ComparableComparator,14,0,0,0,3,0,2,0,2,0
Apache Commons Lang,org.apache.commons.lang3,StringEscapeUtils.CsvUnescaper,93,0,8,0,13,0,7,0,3,0
Apache Commons Lang,org.apache.commons.lang3,SerializationException,16,0,0,0,8,0,4,0,4,0
Apache Commons Lang,org.apache.commons.lang3,CharSequenceUtils,294,0,70,0,73,0,43,0,8,0
Apache Commons Lang,org.apache.commons.lang3,ObjectUtils.Null,5,0,0,0,3,0,2,0,2,0
Apache Commons Lang,org.apache.commons.lang3,StringEscapeUtils,1091,0,0,0,67,0,18,0,18,0
Apache Commons Lang,org.apache.commons.lang3,CharSetUtils,255,0,54,0,61,0,35,0,8,0
Apache Commons Lang,org.apache.commons.lang3,ThreadUtils,314,0,46,0,59,0,39,0,16,0
Apache Commons Lang,org.apache.commons.lang3,SystemUtils,481,0,48,0,134,0,42,0,18,0
Apache Commons Lang,org.apache.commons.lang3,ClassUtils.1.new Iterator() {...},33,0,2,0,6,0,5,0,4,0
Apache Commons Lang,org.apache.commons.lang3,ClassPathUtils,120,0,0,0,14,0,5,0,5,0
Apache Commons Lang,org.apache.commons.lang3,ClassUtils.new Iterable() {...},21,0,0,0,4,0,2,0,2,0
Apache Commons Lang,org.apache.commons.lang3,ClassUtils.new Iterable() {...},18,0,0,0,3,0,2,0,2,0
Apache Commons Lang,org.apache.commons.lang3.reflect,TypeUtils,2438,0,426,0,497,0,271,0,58,0
Apache Commons Lang,org.apache.commons.lang3.reflect,TypeUtils.WildcardTypeBuilder,19,0,0,0,5,0,3,0,3,0
Apache Commons Lang,org.apache.commons.lang3.reflect,TypeUtils.GenericArrayTypeImpl,37,0,6,0,9,0,8,0,5,0
Apache Commons Lang,org.apache.commons.lang3.reflect,MemberUtils.Executable,38,0,0,0,12,0,6,0,6,0
Apache Commons Lang,org.apache.commons.lang3.reflect,TypeUtils.ParameterizedTypeImpl,76,0,6,0,17,0,10,0,7,0
Apache Commons Lang,org.apache.commons.lang3.reflect,TypeLiteral,80,0,4,0,16,0,8,0,6,0
Apache Commons Lang,org.apache.commons.lang3.reflect,TypeUtils.WildcardTypeImpl,67,0,6,0,14,0,10,0,7,0
Apache Commons Lang,org.apache.commons.lang3.reflect,TypeUtils.new Typed() {...},9,0,0,0,2,0,2,0,2,0
Apache Commons Lang,org.apache.commons.lang3.reflect,MemberUtils,428,0,78,0,78,0,53,0,14,0
Apache Commons Lang,org.apache.commons.lang3.reflect,FieldUtils,718,0,80,0,144,0,75,0,35,0
Apache Commons Lang,org.apache.commons.lang3.reflect,ConstructorUtils,202,0,24,0,54,0,21,0,9,0
Apache Commons Lang,org.apache.commons.lang3.reflect,InheritanceUtils,42,0,10,0,12,0,7,0,2,0
Apache Commons Lang,org.apache.commons.lang3.reflect,MethodUtils,1086,0,148,0,244,0,104,0,30,0
Apache Commons Lang,org.apache.commons.lang3.event,EventUtils,109,0,0,0,17,0,3,0,3,0
Apache Commons Lang,org.apache.commons.lang3.event,EventListenerSupport,202,0,6,0,51,0,18,0,15,0
Apache Commons Lang,org.apache.commons.lang3.event,EventUtils.EventBindingInvocationHandler,58,0,8,0,11,0,7,0,3,0
Apache Commons Lang,org.apache.commons.lang3.event,EventListenerSupport.ProxyInvocationHandler,25,0,2,0,5,0,3,0,2,0
Apache Commons Lang,org.apache.commons.lang3.tuple,MutableTriple,43,0,0,0,17,0,9,0,9,0
Apache Commons Lang,org.apache.commons.lang3.tuple,ImmutableTriple,36,0,0,0,11,0,7,0,7,0
Apache Commons Lang,org.apache.commons.lang3.tuple,Triple,134,0,16,0,18,0,15,0,7,0
Apache Commons Lang,org.apache.commons.lang3.tuple,ImmutablePair,32,0,0,0,10,0,7,0,7,0
Apache Commons Lang,org.apache.commons.lang3.tuple,Pair,109,0,12,0,17,0,15,0,9,0
Apache Commons Lang,org.apache.commons.lang3.tuple,MutablePair,40,0,0,0,16,0,8,0,8,0
Apache Commons Lang,org.apache.commons.lang3.exception,ContextedRuntimeException,97,0,2,0,28,0,15,0,14,0
Apache Commons Lang,org.apache.commons.lang3.exception,CloneFailedException,13,0,0,0,6,0,3,0,3,0
Apache Commons Lang,org.apache.commons.lang3.exception,ExceptionUtils,638,0,92,0,149,0,76,0,30,0
Apache Commons Lang,org.apache.commons.lang3.exception,ContextedException,97,0,2,0,28,0,15,0,14,0
Apache Commons Lang,org.apache.commons.lang3.exception,DefaultExceptionContext,227,0,24,0,54,0,20,0,8,0
Apache Commons Lang,org.apache.commons.lang3.arch,Processor.Arch,21,0,0,0,4,0,1,0,1,0
Apache Commons Lang,org.apache.commons.lang3.arch,Processor.Type,27,0,0,0,5,0,1,0,1,0
Apache Commons Lang,org.apache.commons.lang3.arch,Processor,40,0,0,0,11,0,8,0,8,0
Apache Commons Lang,org.apache.commons.lang3.time,StopWatch.SplitState,15,0,0,0,3,0,1,0,1,0
Apache Commons Lang,org.apache.commons.lang3.time,StopWatch.State.new StopWatch.State() {...},12,0,0,0,4,0,4,0,4,0
Apache Commons Lang,org.apache.commons.lang3.time,StopWatch.State.new StopWatch.State() {...},12,0,0,0,4,0,4,0,4,0
Apache Commons Lang,org.apache.commons.lang3.time,StopWatch.State.new StopWatch.State() {...},12,0,0,0,4,0,4,0,4,0
Apache Commons Lang,org.apache.commons.lang3.time,StopWatch.State.new StopWatch.State() {...},12,0,0,0,4,0,4,0,4,0
Apache Commons Lang,org.apache.commons.lang3.time,FormatCache,199,0,18,0,40,0,18,0,9,0
Apache Commons Lang,org.apache.commons.lang3.time,FastDateParser.ISO8601TimeZoneStrategy,41,0,4,0,13,0,7,0,4,0
Apache Commons Lang,org.apache.commons.lang3.time,FastDatePrinter.TwentyFourHourField,34,0,2,0,11,0,5,0,4,0
Apache Commons Lang,org.apache.commons.lang3.time,FastDatePrinter.TwoDigitYearField,23,0,0,0,8,0,5,0,5,0
Apache Commons Lang,org.apache.commons.lang3.time,FastDateParser.new Comparator() {...},7,0,0,0,2,0,2,0,2,0
Apache Commons Lang,org.apache.commons.lang3.time,FastDateParser.new FastDateParser.NumberStrategy() {...},13,0,2,0,2,0,3,0,2,0
Apache Commons Lang,org.apache.commons.lang3.time,FastDatePrinter.TimeZoneDisplayKey,69,0,12,0,16,0,9,0,3,0
Apache Commons Lang,org.apache.commons.lang3.time,FastDateParser.new FastDateParser.NumberStrategy() {...},8,0,0,0,2,0,2,0,2,0
Apache Commons Lang,org.apache.commons.lang3.time,FastDateParser.new FastDateParser.NumberStrategy() {...},13,0,2,0,2,0,3,0,2,0
Apache Commons Lang,org.apache.commons.lang3.time,FastDateParser.new FastDateParser.NumberStrategy() {...},11,0,2,0,2,0,3,0,2,0
Apache Commons Lang,org.apache.commons.lang3.time,FastDateParser.new FastDateParser.NumberStrategy() {...},11,0,2,0,2,0,3,0,2,0
Apache Commons Lang,org.apache.commons.lang3.time,FastDatePrinter,1026,0,143,0,238,0,116,0,32,0
Apache Commons Lang,org.apache.commons.lang3.time,DurationFormatUtils.Token,121,0,16,0,30,0,17,0,9,0
Apache Commons Lang,org.apache.commons.lang3.time,FastDatePrinter.UnpaddedNumberField,39,0,4,0,12,0,6,0,4,0
Apache Commons Lang,org.apache.commons.lang3.time,FormatCache.MultipartKey,50,0,6,0,11,0,6,0,3,0
Apache Commons Lang,org.apache.commons.lang3.time,FastDateParser.StrategyAndWidth,34,0,6,0,9,0,5,0,2,0
Apache Commons Lang,org.apache.commons.lang3.time,FastDateFormat.new FormatCache() {...},10,0,0,0,2,0,2,0,2,0
Apache Commons Lang,org.apache.commons.lang3.time,FastDatePrinter.WeekYear,23,0,0,0,8,0,4,0,4,0
Apache Commons Lang,org.apache.commons.lang3.time,FastDatePrinter.PaddedNumberField,33,0,2,0,11,0,5,0,4,0
Apache Commons Lang,org.apache.commons.lang3.time,FastDatePrinter.StringLiteral,16,0,0,0,6,0,3,0,3,0
Apache Commons Lang,org.apache.commons.lang3.time,FastDatePrinter.TwelveHourField,34,0,2,0,11,0,5,0,4,0
Apache Commons Lang,org.apache.commons.lang3.time,FastDateFormat,298,0,2,0,49,0,43,0,42,0
Apache Commons Lang,org.apache.commons.lang3.time,FastDatePrinter.TimeZoneNameRule,60,0,2,0,12,0,4,0,3,0
Apache Commons Lang,org.apache.commons.lang3.time,FastDateParser.PatternStrategy,50,0,2,0,13,0,6,0,5,0
Apache Commons Lang,org.apache.commons.lang3.time,FastDatePrinter.CharacterLiteral,14,0,0,0,6,0,3,0,3,0
Apache Commons Lang,org.apache.commons.lang3.time,DateFormatUtils,164,0,0,0,44,0,18,0,18,0
Apache Commons Lang,org.apache.commons.lang3.time,DurationFormatUtils,878,0,123,0,217,0,78,0,13,0
Apache Commons Lang,org.apache.commons.lang3.time,FastDateParser.StrategyParser,163,0,24,0,31,0,16,0,4,0
Apache Commons Lang,org.apache.commons.lang3.time,FastDatePrinter.TimeZoneNumberRule,67,0,4,0,18,0,6,0,4,0
Apache Commons Lang,org.apache.commons.lang3.time,FastDatePrinter.TextField,43,0,4,0,13,0,5,0,3,0
Apache Commons Lang,org.apache.commons.lang3.time,FastDatePrinter.TwoDigitNumberField,28,0,2,0,10,0,5,0,4,0
Apache Commons Lang,org.apache.commons.lang3.time,FastDateParser.TimeZoneStrategy.TzInfo,14,0,2,0,4,0,2,0,1,0
Apache Commons Lang,org.apache.commons.lang3.time,FastDateParser,663,0,82,0,142,0,74,0,23,0
Apache Commons Lang,org.apache.commons.lang3.time,DateUtils.ModifyType,21,0,0,0,4,0,1,0,1,0
Apache Commons Lang,org.apache.commons.lang3.time,DateUtils,1396,0,198,0,292,0,165,0,61,0
Apache Commons Lang,org.apache.commons.lang3.time,GmtTimeZone,138,0,12,0,23,0,17,0,11,0
Apache Commons Lang,org.apache.commons.lang3.time,DateUtils.DateIterator,44,0,2,0,11,0,5,0,4,0
Apache Commons Lang,org.apache.commons.lang3.time,FastDatePrinter.DayInWeekField,33,0,2,0,9,0,5,0,4,0
Apache Commons Lang,org.apache.commons.lang3.time,FastDateParser.CopyQuotedStrategy,55,0,6,0,14,0,6,0,3,0
Apache Commons Lang,org.apache.commons.lang3.time,FastDateParser.Strategy,2,0,0,0,1,0,1,0,1,0
Apache Commons Lang,org.apache.commons.lang3.time,FastDateParser.NumberStrategy,87,0,14,0,27,0,11,0,4,0
Apache Commons Lang,org.apache.commons.lang3.time,FastTimeZone,86,0,18,0,19,0,15,0,6,0
Apache Commons Lang,org.apache.commons.lang3.time,StopWatch.State,27,0,0,0,5,0,1,0,1,0
Apache Commons Lang,org.apache.commons.lang3.time,FastDatePrinter.TwoDigitMonthField,23,0,0,0,8,0,5,0,5,0
Apache Commons Lang,org.apache.commons.lang3.time,FastDatePrinter.Iso8601_Rule,99,0,12,0,29,0,12,0,5,0
Apache Commons Lang,org.apache.commons.lang3.time,StopWatch,240,0,30,0,64,0,35,0,20,0
Apache Commons Lang,org.apache.commons.lang3.time,FastDateParser.CaseInsensitiveTextStrategy,71,0,2,0,16,0,3,0,2,0
Apache Commons Lang,org.apache.commons.lang3.time,FastDateParser.TimeZoneStrategy,176,0,19,0,40,0,12,0,2,0
Apache Commons Lang,org.apache.commons.lang3.time,FastDatePrinter.UnpaddedMonthField,34,0,2,0,10,0,6,0,5,0
Apache Commons Lang,org.apache.commons.lang3.text,StrLookup.MapStrLookup,23,0,4,0,9,0,4,0,2,0
Apache Commons Lang,org.apache.commons.lang3.text,StrSubstitutor,1019,0,106,0,269,0,109,0,56,0
Apache Commons Lang,org.apache.commons.lang3.text,FormattableUtils,125,0,16,0,17,0,14,0,6,0
Apache Commons Lang,org.apache.commons.lang3.text,StrMatcher.TrimMatcher,12,0,2,0,3,0,3,0,2,0
Apache Commons Lang,org.apache.commons.lang3.text,StrMatcher.CharMatcher,16,0,2,0,4,0,3,0,2,0
Apache Commons Lang,org.apache.commons.lang3.text,StrBuilder.StrBuilderWriter,43,0,0,0,15,0,8,0,8,0
Apache Commons Lang,org.apache.commons.lang3.text,ExtendedMessageFormat,763,0,109,0,181,0,79,0,22,0
Apache Commons Lang,org.apache.commons.lang3.text,StrMatcher,135,0,12,0,35,0,22,0,16,0
Apache Commons Lang,org.apache.commons.lang3.text,StrTokenizer,957,0,90,0,248,0,110,0,65,0
Apache Commons Lang,org.apache.commons.lang3.text,StrBuilder,3569,0,532,0,760,0,415,0,149,0
Apache Commons Lang,org.apache.commons.lang3.text,CompositeFormat,34,0,0,0,9,0,6,0,6,0
Apache Commons Lang,org.apache.commons.lang3.text,StrMatcher.CharSetMatcher,22,0,2,0,5,0,3,0,2,0
Apache Commons Lang,org.apache.commons.lang3.text,StrBuilder.StrBuilderReader,148,0,24,0,30,0,21,0,9,0
Apache Commons Lang,org.apache.commons.lang3.text,StrLookup.SystemPropertiesStrLookup,9,0,2,0,4,0,2,0,1,0
Apache Commons Lang,org.apache.commons.lang3.text,StrMatcher.NoMatcher,5,0,0,0,3,0,2,0,2,0
Apache Commons Lang,org.apache.commons.lang3.text,WordUtils,545,0,96,0,134,0,63,0,15,0
Apache Commons Lang,org.apache.commons.lang3.text,StrMatcher.StringMatcher,54,0,6,0,11,0,6,0,3,0
Apache Commons Lang,org.apache.commons.lang3.text,StrLookup,23,0,0,0,7,0,5,0,5,0
Apache Commons Lang,org.apache.commons.lang3.text,StrBuilder.StrBuilderTokenizer,35,0,4,0,10,0,5,0,3,0
Apache Commons Lang,org.apache.commons.lang3.text.translate,UnicodeUnescaper,119,0,16,0,17,0,10,0,2,0
Apache Commons Lang,org.apache.commons.lang3.text.translate,AggregateTranslator,37,0,4,0,8,0,4,0,2,0
Apache Commons Lang,org.apache.commons.lang3.text.translate,CharSequenceTranslator,191,0,18,0,36,0,15,0,6,0
Apache Commons Lang,org.apache.commons.lang3.text.translate,JavaUnicodeEscaper,50,0,0,0,8,0,6,0,6,0
Apache Commons Lang,org.apache.commons.lang3.text.translate,CodePointTranslator,18,0,2,0,4,0,3,0,2,0
Apache Commons Lang,org.apache.commons.lang3.text.translate,UnicodeEscaper,121,0,12,0,25,0,14,0,8,0
Apache Commons Lang,org.apache.commons.lang3.text.translate,UnicodeUnpairedSurrogateRemover,13,0,4,0,4,0,4,0,2,0
Apache Commons Lang,org.apache.commons.lang3.text.translate,NumericEntityUnescaper.OPTION,21,0,0,0,1,0,1,0,1,0
Apache Commons Lang,org.apache.commons.lang3.text.translate,OctalUnescaper,116,0,24,0,17,0,16,0,4,0
Apache Commons Lang,org.apache.commons.lang3.text.translate,LookupTranslator,132,0,16,0,28,0,10,0,2,0
Apache Commons Lang,org.apache.commons.lang3.text.translate,NumericEntityEscaper,76,0,10,0,20,0,12,0,7,0
Apache Commons Lang,org.apache.commons.lang3.text.translate,EntityArrays,3463,0,2,0,26,0,14,0,13,0
Apache Commons Lang,org.apache.commons.lang3.text.translate,NumericEntityUnescaper,207,0,50,0,41,0,28,0,3,0
Apache Commons Lang,org.apache.commons.lang3.math,IEEE754rUtils,239,0,40,0,49,0,33,0,13,0
Apache Commons Lang,org.apache.commons.lang3.math,NumberUtils,1788,0,410,0,436,0,274,0,68,0
Apache Commons Lang,org.apache.commons.lang3.math,Fraction,1311,0,196,0,266,0,133,0,35,0
Apache Commons Lang,org.apache.commons.lang3.concurrent,BackgroundInitializer.InitializationTask,21,0,2,0,6,0,3,0,2,0
Apache Commons Lang,org.apache.commons.lang3.concurrent,BasicThreadFactory.Builder,74,0,0,0,23,0,8,0,8,0
Apache Commons Lang,org.apache.commons.lang3.concurrent,TimedSemaphore,207,0,22,0,60,0,30,0,19,0
Apache Commons Lang,org.apache.commons.lang3.concurrent,ConcurrentUtils.ConstantFuture,18,0,0,0,8,0,6,0,6,0
Apache Commons Lang,org.apache.commons.lang3.concurrent,CallableBackgroundInitializer,33,0,2,0,11,0,5,0,4,0
Apache Commons Lang,org.apache.commons.lang3.concurrent,EventCountCircuitBreaker.StateStrategyClosed,16,0,2,0,3,0,4,0,3,0
Apache Commons Lang,org.apache.commons.lang3.concurrent,TimedSemaphore.new Runnable() {...},10,0,0,0,3,0,2,0,2,0
Apache Commons Lang,org.apache.commons.lang3.concurrent,AbstractCircuitBreaker.State.new AbstractCircuitBreaker.State() {...},8,0,0,0,2,0,2,0,2,0
Apache Commons Lang,org.apache.commons.lang3.concurrent,AbstractCircuitBreaker.State.new AbstractCircuitBreaker.State() {...},8,0,0,0,2,0,2,0,2,0
Apache Commons Lang,org.apache.commons.lang3.concurrent,LazyInitializer,38,0,4,0,11,0,5,0,3,0
Apache Commons Lang,org.apache.commons.lang3.concurrent,Memoizer.new Callable() {...},16,0,0,0,2,0,2,0,2,0
Apache Commons Lang,org.apache.commons.lang3.concurrent,ThresholdCircuitBreaker,48,0,4,0,15,0,7,0,5,0
Apache Commons Lang,org.apache.commons.lang3.concurrent,EventCountCircuitBreaker,219,0,12,0,49,0,26,0,20,0
Apache Commons Lang,org.apache.commons.lang3.concurrent,CircuitBreakingException,16,0,0,0,8,0,4,0,4,0
Apache Commons Lang,org.apache.commons.lang3.concurrent,EventCountCircuitBreaker.StateStrategyOpen,22,0,4,0,5,0,5,0,3,0
Apache Commons Lang,org.apache.commons.lang3.concurrent,ConcurrentUtils,160,0,34,0,41,0,29,0,12,0
Apache Commons Lang,org.apache.commons.lang3.concurrent,ConstantInitializer,57,0,6,0,14,0,9,0,6,0
Apache Commons Lang,org.apache.commons.lang3.concurrent,MultiBackgroundInitializer.MultiBackgroundInitializerResults,75,0,2,0,18,0,9,0,8,0
Apache Commons Lang,org.apache.commons.lang3.concurrent,EventCountCircuitBreaker.CheckIntervalData,29,0,2,0,8,0,5,0,4,0
Apache Commons Lang,org.apache.commons.lang3.concurrent,BackgroundInitializer,106,0,10,0,33,0,17,0,12,0
Apache Commons Lang,org.apache.commons.lang3.concurrent,AtomicInitializer,29,0,4,0,8,0,4,0,2,0
Apache Commons Lang,org.apache.commons.lang3.concurrent,ConcurrentException,14,0,0,0,6,0,3,0,3,0
Apache Commons Lang,org.apache.commons.lang3.concurrent,EventCountCircuitBreaker.StateStrategy,13,0,2,0,1,0,2,0,1,0
Apache Commons Lang,org.apache.commons.lang3.concurrent,MultiBackgroundInitializer,161,0,14,0,36,0,12,0,5,0
Apache Commons Lang,org.apache.commons.lang3.concurrent,AbstractCircuitBreaker,73,0,8,0,18,0,13,0,9,0
Apache Commons Lang,org.apache.commons.lang3.concurrent,ConcurrentRuntimeException,14,0,0,0,6,0,3,0,3,0
Apache Commons Lang,org.apache.commons.lang3.concurrent,AtomicSafeInitializer,33,0,4,0,7,0,4,0,2,0
Apache Commons Lang,org.apache.commons.lang3.concurrent,AbstractCircuitBreaker.State,15,0,0,0,3,0,1,0,1,0
Apache Commons Lang,org.apache.commons.lang3.concurrent,BasicThreadFactory,107,0,10,0,29,0,14,0,9,0
Apache Commons Lang,org.apache.commons.lang3.concurrent,Memoizer,96,0,10,0,29,0,9,0,4,0
Apache Commons Lang,org.apache.commons.lang3.mutable,MutableFloat,218,0,4,0,60,0,34,0,32,0
Apache Commons Lang,org.apache.commons.lang3.mutable,MutableInt,209,0,4,0,59,0,32,0,30,0
Apache Commons Lang,org.apache.commons.lang3.mutable,MutableShort,226,0,4,0,60,0,33,0,31,0
Apache Commons Lang,org.apache.commons.lang3.mutable,MutableDouble,226,0,4,0,61,0,34,0,32,0
Apache Commons Lang,org.apache.commons.lang3.mutable,MutableByte,226,0,4,0,60,0,33,0,31,0
Apache Commons Lang,org.apache.commons.lang3.mutable,MutableBoolean,88,0,8,0,27,0,20,0,16,0
Apache Commons Lang,org.apache.commons.lang3.mutable,MutableLong,216,0,4,0,59,0,32,0,30,0
Apache Commons Lang,org.apache.commons.lang3.mutable,MutableObject,59,0,10,0,18,0,12,0,7,0
Apache Commons Lang,org.apache.commons.lang3.builder,ReflectionDiffBuilder,111,0,12,0,22,0,10,0,4,0
Apache Commons Lang,org.apache.commons.lang3.builder,CompareToBuilder,1002,0,220,0,258,0,141,0,31,0
Apache Commons Lang,org.apache.commons.lang3.builder,RecursiveToStringStyle,47,0,6,0,13,0,7,0,4,0
Apache Commons Lang,org.apache.commons.lang3.builder,ToStringStyle.JsonToStringStyle,392,0,64,0,103,0,50,0,18,0
Apache Commons Lang,org.apache.commons.lang3.builder,DiffBuilder.new Diff() {...},21,0,0,0,3,0,3,0,3,0
Apache Commons Lang,org.apache.commons.lang3.builder,DiffBuilder.new Diff() {...},21,0,0,0,3,0,3,0,3,0
Apache Commons Lang,org.apache.commons.lang3.builder,DiffBuilder.new Diff() {...},19,0,0,0,3,0,3,0,3,0
Apache Commons Lang,org.apache.commons.lang3.builder,DiffBuilder.new Diff() {...},21,0,0,0,3,0,3,0,3,0
Apache Commons Lang,org.apache.commons.lang3.builder,DiffBuilder.new Diff() {...},21,0,0,0,3,0,3,0,3,0
Apache Commons Lang,org.apache.commons.lang3.builder,DiffBuilder.new Diff() {...},21,0,0,0,3,0,3,0,3,0
Apache Commons Lang,org.apache.commons.lang3.builder,DiffBuilder.new Diff() {...},21,0,0,0,3,0,3,0,3,0
Apache Commons Lang,org.apache.commons.lang3.builder,DiffBuilder.new Diff() {...},21,0,0,0,3,0,3,0,3,0
Apache Commons Lang,org.apache.commons.lang3.builder,DiffBuilder.new Diff() {...},19,0,0,0,3,0,3,0,3,0
Apache Commons Lang,org.apache.commons.lang3.builder,ToStringStyle.ShortPrefixToStringStyle,11,0,0,0,5,0,2,0,2,0
Apache Commons Lang,org.apache.commons.lang3.builder,DiffResult,133,0,12,0,26,0,13,0,7,0
Apache Commons Lang,org.apache.commons.lang3.builder,ToStringStyle.DefaultToStringStyle,5,0,0,0,3,0,2,0,2,0
Apache Commons Lang,org.apache.commons.lang3.builder,ToStringStyle.NoFieldNameToStringStyle,8,0,0,0,4,0,2,0,2,0
Apache Commons Lang,org.apache.commons.lang3.builder,ToStringStyle.SimpleToStringStyle,20,0,0,0,8,0,2,0,2,0
Apache Commons Lang,org.apache.commons.lang3.builder,ReflectionToStringBuilder,444,0,50,0,98,0,56,0,31,0
Apache Commons Lang,org.apache.commons.lang3.builder,HashCodeBuilder,768,0,94,0,147,0,84,0,37,0
Apache Commons Lang,org.apache.commons.lang3.builder,ToStringStyle,1728,0,218,0,483,0,222,0,113,0
Apache Commons Lang,org.apache.commons.lang3.builder,StandardToStringStyle,143,0,0,0,62,0,41,0,41,0
Apache Commons Lang,org.apache.commons.lang3.builder,ToStringBuilder,591,0,12,0,131,0,70,0,64,0
Apache Commons Lang,org.apache.commons.lang3.builder,MultilineRecursiveToStringStyle,383,0,8,0,84,0,18,0,14,0
Apache Commons Lang,org.apache.commons.lang3.builder,EqualsBuilder,1138,0,252,0,300,0,169,0,43,0
Apache Commons Lang,org.apache.commons.lang3.builder,Diff,51,0,0,0,10,0,5,0,5,0
Apache Commons Lang,org.apache.commons.lang3.builder,ToStringStyle.MultiLineToStringStyle,31,0,0,0,7,0,2,0,2,0
Apache Commons Lang,org.apache.commons.lang3.builder,ToStringStyle.NoClassNameToStringStyle,11,0,0,0,5,0,2,0,2,0
Apache Commons Lang,org.apache.commons.lang3.builder,DiffBuilder.new Diff() {...},21,0,0,0,3,0,3,0,3,0
Apache Commons Lang,org.apache.commons.lang3.builder,DiffBuilder.new Diff() {...},21,0,0,0,3,0,3,0,3,0
Apache Commons Lang,org.apache.commons.lang3.builder,DiffBuilder,691,0,114,0,155,0,80,0,23,0
Apache Commons Lang,org.apache.commons.lang3.builder,DiffBuilder.new Diff() {...},21,0,0,0,3,0,3,0,3,0
Apache Commons Lang,org.apache.commons.lang3.builder,DiffBuilder.new Diff() {...},21,0,0,0,3,0,3,0,3,0
Apache Commons Lang,org.apache.commons.lang3.builder,DiffBuilder.new Diff() {...},21,0,0,0,3,0,3,0,3,0
Apache Commons Lang,org.apache.commons.lang3.builder,DiffBuilder.new Diff() {...},21,0,0,0,3,0,3,0,3,0
Apache Commons Lang,org.apache.commons.lang3.builder,DiffBuilder.new Diff() {...},21,0,0,0,3,0,3,0,3,0
Apache Commons Lang,org.apache.commons.lang3.builder,DiffBuilder.new Diff() {...},21,0,0,0,3,0,3,0,3,0
Apache Commons Lang,org.apache.commons.lang3.builder,DiffBuilder.new Diff() {...},21,0,0,0,3,0,3,0,3,0
Apache Commons Lang,org.apache.commons.lang3.builder,IDKey,37,0,6,0,11,0,6,0,3,0
